﻿<?xml version="1.0" encoding="utf-8"?>
<Language Name="简体中文">

<LocaleResource Name="Plugins.Payments.QianBaoPay.MerchantId"><Value>商户号</Value></LocaleResource>
<LocaleResource Name="Plugins.Payments.QianBaoPay.MerchantId.Hint"><Value>商户号</Value></LocaleResource>
<LocaleResource Name="Plugins.Payments.QianBaoPay.EncyptKey"><Value>签名密钥</Value></LocaleResource>
<LocaleResource Name="Plugins.Payments.QianBaoPay.EncyptKey.Hint"><Value>签名密钥</Value></LocaleResource>
<LocaleResource Name="Plugins.Payments.QianBaoPay.SignKey"><Value>签名私钥</Value></LocaleResource>
<LocaleResource Name="Plugins.Payments.QianBaoPay.SignKey.Hint"><Value>签名私钥</Value></LocaleResource>
<LocaleResource Name="Plugins.Payments.QianBaoPay.VerifyKey"><Value>验签公钥</Value></LocaleResource>
<LocaleResource Name="Plugins.Payments.QianBaoPay.VerifyKey.Hint"><Value>验签公钥</Value></LocaleResource>
<LocaleResource Name="Plugins.Payments.QianBaoPay.PaySignKey"><Value>EncyptKey</Value></LocaleResource>
<LocaleResource Name="Plugins.Payments.QianBaoPay.PaySignKey.Hint"><Value>EncyptKey</Value></LocaleResource>
<LocaleResource Name="Plugins.Payments.QianBaoPay.AdditionalFee"><Value>附加费</Value></LocaleResource>
<LocaleResource Name="Plugins.Payments.QianBaoPay.AdditionalFee.Hint"><Value>附加费</Value></LocaleResource>
<LocaleResource Name="Plugins.Payments.QianBaoPay.AdditionalFeePercentage"><Value>附加费比例</Value></LocaleResource>
<LocaleResource Name="Plugins.Payments.QianBaoPay.AdditionalFeePercentage.Hint"><Value>附加费比例</Value></LocaleResource>

<LocaleResource Name="Plugins.Payments.QianBaoPay.Instructions"><Value>钱宝支付</Value></LocaleResource>
<LocaleResource Name="Plugins.Payments.QianBaoPay.ScanQRCode"><Value>确认订单后，会出现支付二维码，请使用App扫一扫功能，进行支付。</Value></LocaleResource>
<LocaleResource Name="Plugins.Payments.QianBaoPay.RedirectionTip"><Value>确认订单后，将打开在线支付页面，进行支付。</Value></LocaleResource>
<LocaleResource Name="Plugins.Payments.QianBaoPay.PaymentMethodDescription"><Value>钱宝支付，支持手机网站支付、电脑网站支付</Value></LocaleResource>


</Language>
