﻿<?xml version="1.0" encoding="utf-8"?>
<Language Name="English">

<LocaleResource Name="Plugins.Payments.QianBaoPay.MerchantID"><Value>商户ID</Value></LocaleResource>
<LocaleResource Name="Plugins.Payments.QianBaoPay.MerchantID"><Value>MerchantId</Value></LocaleResource>
<LocaleResource Name="Plugins.Payments.QianBaoPay.EncyptKey"><Value>签名密钥</Value></LocaleResource>
<LocaleResource Name="Plugins.Payments.QianBaoPay.EncyptKey.Hint"><Value>签名密钥</Value></LocaleResource>
<LocaleResource Name="Plugins.Payments.QianBaoPay.RsaPublicKey"><Value>钱宝公钥</Value></LocaleResource>
<LocaleResource Name="Plugins.Payments.QianBaoPay.RsaPublicKey.Hint"><Value>钱宝验签公钥</Value></LocaleResource>
<LocaleResource Name="Plugins.Payments.QianBaoPay.RsaPrivateKey"><Value>钱宝私钥</Value></LocaleResource>
<LocaleResource Name="Plugins.Payments.QianBaoPay.RsaPrivateKey.Hint"><Value>钱宝加签私钥</Value></LocaleResource>
<LocaleResource Name="Plugins.Payments.QianBaoPay.PaySignKey"><Value>EncyptKey</Value></LocaleResource>
<LocaleResource Name="Plugins.Payments.QianBaoPay.PaySignKey.Hint"><Value>EncyptKey</Value></LocaleResource>
<LocaleResource Name="Plugins.Payments.QianBaoPay.AdditionalFee"><Value>附加费</Value></LocaleResource>
<LocaleResource Name="Plugins.Payments.QianBaoPay.AdditionalFee.Hint"><Value>附加费</Value></LocaleResource>
<LocaleResource Name="Plugins.Payments.QianBaoPay.AdditionalFeePercentage"><Value>附加费比例</Value></LocaleResource>
<LocaleResource Name="Plugins.Payments.QianBaoPay.AdditionalFeePercentage.Hint"><Value>附加费比例</Value></LocaleResource>

<LocaleResource Name="Plugins.Payments.QianBaoPay.Instructions"><Value>钱宝支付</Value></LocaleResource>
<LocaleResource Name="Plugins.Payments.QianBaoPay.ScanQRCode"><Value>确认订单后，会出现银联支付，进行支付。</Value></LocaleResource>
<LocaleResource Name="Plugins.Payments.QianBaoPay.RedirectionTip"><Value>确认订单后，将打开钱宝在线支付页面，进行支付。</Value></LocaleResource>
<LocaleResource Name="Plugins.Payments.QianBaoPay.PaymentMethodDescription"><Value>钱宝支付，支持手机网站支付、电脑网站支付</Value></LocaleResource>


</Language>
